rating_rejected,toxicity
0,0.09284391386443097
1,0.2581699310625259
